<?xml version="1.0"?>
<commentary>
<noBall>
<message>
&bowlerName; has bowled a no ball.
</message>
<message>
&bowlerName; has overstepped - a no ball.
</message>
<message>
&bowlerName; has his run up all wrong - a no ball.
</message>
<message>
The run up has been a real problem today for &bowlerName; - a no ball.
</message>
<message>
&bowlerName; has overstepped but &batsmanLName; cannot capitalise.
</message>
<message>
&bowlerName; bowls a no ball but no run to &batsmanLName;.
</message>
<message>
&bowlerName; will get another chance at that - a no ball.
</message>
</noBall>
<noBallPlayed>
<message>
&bowlerName; bowls a no ball. &batsmanName; takes advantage with &value; run&pl;.
</message>
<message>
&bowlerName; bowls a no ball. &value; run&pl; to &batsmanName; as well.
</message>
<message>
&bowlerName; bowls a no ball. &batsmanName; scores &value; run&pl;.
</message>
</noBallPlayed>
<wide>
<message>
&bowlerName; bowls a wide.
</message>
<message>
&bowlerName; sends that way down legside - as expected a wide is called.
</message>
<message>
Direction a problem for &bowlerName; there - wide ball.
</message>
<message>
&bowlerName; gives slip catching practice, but it didn't get&nl;anywhere near the batsman - wide ball.
</message>
<message>
Wide there way outside off by &bowlerName;. &wkName; did well to take it cleanly!
</message>
<message>
Wide there slanted down leg by &bowlerName;. &wkName; did well to take it cleanly!
</message>
<message>
Wide there from &bowlerName;. &wkLName; is not enjoying that.
</message>
<message>
Wide outside off from &bowlerName;. More spray than a squall.
</message>
<message>
Wide there from &bowlerName;. &wkLName; is doing the teapot! Not a happy keeper.
</message>
</wide>
<byes>
<message>
&value; bye&pl;.
</message>
<message>
&value; bye&pl;. &wkName; had a brain malfunction there.
</message>
<message>
&value; bye&pl;. Harsh on the keeper, most felt there was some bat on that.
</message>
<message>
&value; bye&pl;. A bit of movement after the ball pitches and &wkName; can't gather.
</message>
<message>
&value; bye&pl;. Sloppy work from &wkName; there.
</message>
</byes>
<dotBall>
<message>
Dot Ball.
</message>
<message>
Batsman beaten with a peach.
</message>
<message>
&bowlerFName; bowls to &batsmanFName;. No run, pushed into the off side.
</message>
<message>
Geoffrey Boycott's mum could have hit it with a stick of rhubarb,&nl;but &batsmanLName; can't get bat on it.
</message>
<message>
Dot Ball. &batsmanLName; looks frustrated.
</message>
<message>
Dot Ball. No run - the tension is building now.
</message>
<message>
No run.
</message>
<message>
No run. A well played drive didn't get past the fielder in the covers
</message>
<message>
Dot Ball. He's got that one in a sensitive area! No chance of a single now.
</message>
<message>
No run. Stunning fielding in the covers there.
</message>
<message>
Dot Ball. Once again worked to leg but straight to the fielder.
</message>
<message>
Dot Ball. The single was on there one feels.
</message>
<message>
Running between the wickets shambolic - no run is the result.
</message>
<message>
Nothing happened there.
</message>
</dotBall>
<runsScored>
<message>
&value; run&pl; for &batsmanName; as he flicked to a fine fine leg.
</message>
<message>
&value; run&pl; for &batsmanName; guided to third man.
</message>
<message>
&value; run&pl; for &batsmanName; as he punches through mid off.
</message>
<message>
&value; run&pl; for &batsmanName;, worked through midwicket.
</message>
<message>
&value; run&pl; for &batsmanName;, slapped through point.
</message>
<message>
&value; run&pl; for &batsmanName; as he went the aerial route.
</message>
<message>
&value; run&pl; for &batsmanName; through extra cover.
</message>
<message>
&value; run&pl; for &batsmanName; through mid on.
</message>
<message>
&value; run&pl; for &batsmanName; straight past the stumps
</message>
<message>
&value; run&pl; for &batsmanName; - he can do that all day long
</message>
<message>
&value; run&pl; for &batsmanName; - easy half volley to stroke away there.
</message>
<message>
&value; run&pl; for &batsmanName; as a good yorker gets squeezed away.
</message>
<message>
&value; run&pl; for &batsmanName; though a chinese cut
</message>
<message>
&value; run&pl; for &batsmanName;, noone quite knows how though
</message>
<message>
&value; run&pl; for &batsmanName; as the short one was pulled away.
</message>
<message>
&value; run&pl; for &batsmanName; nurdled to leg there.
</message>
</runsScored>
<fourRuns>
<message>
Four runs for &batsmanName;.
</message>
<message>
Four runs for &batsmanName;; glorious stuff here.
</message>
<message>
Four runs for &batsmanName; as he pulverises the ball through the ring.
</message>
<message>
Four runs for &batsmanName; as the ball takes the edge past a diving keeper.
</message>
<message>
Four runs for &batsmanName;. &bowlerLName; has his hands on his head.
</message>
<message>
Four runs for &batsmanName;. &bowlerLName; is having a bit of a go at him.
</message>
<message>
Four runs for &batsmanName;. Sweetly timed that.
</message>
<message>
Four runs for &batsmanName;. All power to get that one away.
</message>
</fourRuns>
<sixRuns>
<message>
&batsmanName; hits it for six!
</message>
<message>
&batsmanName; hits it for six! Massive hit.
</message>
<message>
&batsmanName; hits it for six! The bowler can't look at the replay screen.
</message>
</sixRuns>
<fowLbw>
<message>
&batsmanName; is out! Lbw.
</message>
<message>
&batsmanName; is out! Lbw. Plum in front.
</message>
<message>
&batsmanName; is out! Lbw. Marginal one for the umpire there.
</message>
<message>
&batsmanName; is out! Lbw. &bowlerLName; looked like he wanted to &nl;give the umpire a hug.
</message>
</fowLbw>
<fowCaught>
<message>
&batsmanName; is out! Caught by &fielder;.
</message>
<message>
&batsmanName; is out! Caught by &fielder;. Marvelous acrobatic stuff.
</message>
<message>
&batsmanName; is out! Caught by &fielder;. It hung in the sky for ever.
</message>
<message>
&batsmanName; is out! Caught by &fielder;. Juggled but held on!
</message>
<message>
&batsmanName; is out! Caught by &fielder;. Simple catch. Poor shot.
</message>
</fowCaught>
<fowBowled>
<message>
&batsmanName; is out! Bowled by &bowlerName; with a beauty.
</message>
<message>
&batsmanName; is out! Bowled by &bowlerName;.
</message>
<message>
&batsmanName; is out! Bowled by &bowlerName;. Middle cartwheeled there.
</message>
<message>
&batsmanName; is out! Bowled by &bowlerName;. Just snicked the off bail!
</message>
</fowBowled>
<fowBowledPlayed>
<message>
&batsmanName; is out! Bowled by &bowlerName; off the inside edge.
</message>
<message>
&batsmanName; is out! Bowled by &bowlerName;. Bottom of the bat and &nl;rolled onto the stumps, how unfortunate!
</message>
</fowBowledPlayed>
<fowCaughtWkt>
<message>
&batsmanName; is out! Caught by &wkName;. Simple stuff for the gloveman
</message>
<message>
&batsmanName; is out! Caught by the keeper &wkName;.
</message>
<message>
&batsmanName; is out! Caught by &wkName;. Only a feather but the &nl;appeal is upheld by the umpire
</message>
<message>
&batsmanName; is out! Caught by &wkName; off &bowlerLName;.
</message>
</fowCaughtWkt>
<fowStumped>
<message>
&batsmanName; is out! Stumped by &wkName;.
</message>
<message>
&batsmanName; is out! Stumped by &wkName;. Smart work there.
</message>
</fowStumped>
<fowCaughtAndBowled>
<message>
&batsmanName; is out! Caught & bowled by &bowlerName;.
</message>
<message>
&batsmanName; is out! Caught & bowled by &bowlerName;. Excellent &nl;return catch.
</message>
</fowCaughtAndBowled>
<fowRunoutBowlersEnd>
<message>
&batsmanName; is out! Run out at the bowler's end by &fielder;.
</message>
</fowRunoutBowlersEnd>
<fowRunoutWKeepersEnd>
<message>
&batsmanName; is out! Run out at the wicket keeper's end by &fielder;.
</message>
</fowRunoutWKeepersEnd>
<partnershipMilestone>
<message>
&batsmanName; has reached a partnership of &value;. Superbly done &nl;by this pair.
</message>
<message>
&batsmanName; has reached a partnership of &value;. They will want &nl;to go on from this.
</message>
<message>
&batsmanName; has reached a partnership of &value;. Could there be &nl;more to come?
</message>
<message>
&batsmanName; has reached a partnership of &value;.
</message>
</partnershipMilestone>
<endBowlerSpell>
<message>
&bowlerName; has bowled the maximum of &value; overs.
</message>
</endBowlerSpell>
<startGame>
<message>
Welcome to Armchair Cricket!&nl;We hope you will be able to join us all day for coverage of this match.
</message>
</startGame>
<startInning>
<message>
The next innings is about to start.
</message>
</startInning>
</commentary>