<?xml version="1.0"?>
<teams type="WCL">
<team name="Afghanistan" flagFile="AFG.GIF" Logo="">
<player>
<firstName>Hasti Gul</firstName>
<surname>Abid</surname>
<dateOfBirth>01-01-1984</dateOfBirth>
<placeOfBirth>Nangrahar</placeOfBirth>
<batStyle>RHB</batStyle>
<bowlStyle>RM</bowlStyle>
<batSkill>0</batSkill>
<bowlSkill>1</bowlSkill>
<img>Gul.JPG</img>
</player>
<player>
<firstName>Ahmad Shah</firstName>
<surname>Ahmadi</surname>
<dateOfBirth>01-01-1985</dateOfBirth>
<placeOfBirth>Afghanistan</placeOfBirth>
<batStyle>RHB</batStyle>
<bowlStyle>RM</bowlStyle>
<batSkill>1</batSkill>
<bowlSkill>1</bowlSkill>
<img>Ahmadi.JPG</img>
</player>
<player>
<firstName>Dawlat</firstName>
<surname>Ahmadzai</surname>
<dateOfBirth>01-01-1984</dateOfBirth>
<placeOfBirth>Loger</placeOfBirth>
<batStyle>RHB</batStyle>
<bowlStyle>RM</bowlStyle>
<batSkill>0</batSkill>
<bowlSkill>2</bowlSkill>
<img>Ahmadzai.JPG</img>
</player>
<player>
<firstName>Raees</firstName>
<surname>Ahmadzai</surname>
<dateOfBirth>03-09-1984</dateOfBirth>
<placeOfBirth>Lagar</placeOfBirth>
<batStyle>RHB</batStyle>
<bowlStyle>ROB</bowlStyle>
<batSkill>1</batSkill>
<bowlSkill>0</bowlSkill>
<img>NULL</img>
</player>
<player>
<firstName>Noor</firstName>
<surname>Ali</surname>
<dateOfBirth>01-01-1988</dateOfBirth>
<placeOfBirth>Afghanistan</placeOfBirth>
<batStyle>RHB</batStyle>
<bowlStyle>RM</bowlStyle>
<batSkill>1</batSkill>
<bowlSkill>0</bowlSkill>
<img>NULL</img>
</player>
<player>
<firstName>Hameed</firstName>
<surname>Hasan</surname>
<dateOfBirth>01-06-1987</dateOfBirth>
<placeOfBirth>Nengarkar</placeOfBirth>
<batStyle>RHB</batStyle>
<bowlStyle>RFM</bowlStyle>
<batSkill>0</batSkill>
<bowlSkill>3</bowlSkill>
<img>Hasan.JPG</img>
</player>
<player>
<firstName>Karim</firstName>
<surname>Khan</surname>
<dateOfBirth>18-02-1984</dateOfBirth>
<placeOfBirth>Nangrahar</placeOfBirth>
<wktKeeper/>
<batStyle>RHB</batStyle>
<bowlStyle>ROB</bowlStyle>
<batSkill>2</batSkill>
<bowlSkill>0</bowlSkill>
<img>Karim.JPG</img>
</player>
<player>
<firstName>Nowroz</firstName>
<surname>Mangal</surname>
<dateOfBirth>01-01-1984</dateOfBirth>
<placeOfBirth>Khost</placeOfBirth>
<captain/>
<batStyle>RHB</batStyle>
<bowlStyle>ROB</bowlStyle>
<batSkill>1</batSkill>
<bowlSkill>1</bowlSkill>
<img>NULL</img>
</player>
<player>
<firstName>Mohammad</firstName>
<surname>Nabi</surname>
<dateOfBirth>07-03-1985</dateOfBirth>
<placeOfBirth>Loger</placeOfBirth>
<batStyle>RHB</batStyle>
<bowlStyle>ROB</bowlStyle>
<batSkill>2</batSkill>
<bowlSkill>3</bowlSkill>
<img>Nabi.JPG</img>
</player>
<player>
<firstName>Gulbudeen</firstName>
<surname>Naib</surname>
<dateOfBirth>01-01-1989</dateOfBirth>
<placeOfBirth>Afghanistan</placeOfBirth>
<batStyle>RHB</batStyle>
<bowlStyle>RM</bowlStyle>
<batSkill>1</batSkill>
<bowlSkill>1</bowlSkill>
<img>NULL</img>
</player>
<player>
<firstName>Jalat</firstName>
<surname>Naseri</surname>
<dateOfBirth>10-10-1980</dateOfBirth>
<placeOfBirth>Afghanistan</placeOfBirth>
<wktKeeper/>
<batStyle>RHB</batStyle>
<bowlStyle>LM</bowlStyle>
<batSkill>0</batSkill>
<bowlSkill>0</bowlSkill>
<img>NULL</img>
</player>
<player>
<firstName>Samiullah</firstName>
<surname>Shenwari</surname>
<dateOfBirth>01-01-1987</dateOfBirth>
<placeOfBirth>Afghanistan</placeOfBirth>
<batStyle>RHB</batStyle>
<bowlStyle>RLB</bowlStyle>
<batSkill>0</batSkill>
<bowlSkill>0</bowlSkill>
<img>NULL</img>
</player>
<player>
<firstName>Asghar</firstName>
<surname>Stankzai</surname>
<dateOfBirth>01-01-1987</dateOfBirth>
<placeOfBirth>Afghanistan</placeOfBirth>
<batStyle>RHB</batStyle>
<bowlStyle>RFM</bowlStyle>
<batSkill>1</batSkill>
<bowlSkill>0</bowlSkill>
<img>Stankzai.JPG</img>
</player>
<player>
<firstName>Abdul Rashid</firstName>
<surname>Zadran</surname>
<dateOfBirth>04-06-1988</dateOfBirth>
<placeOfBirth>Afghanistan</placeOfBirth>
<batStyle>RHB</batStyle>
<bowlStyle>ROB</bowlStyle>
<batSkill>0</batSkill>
<bowlSkill>0</bowlSkill>
<img>NULL</img>
</player>
</team>
<team name="Denmark" flagFile="DEN.GIF" Logo="">
<player>
<firstName>Lars</firstName>
<surname>Andersen</surname>
<dateOfBirth>14-08-1975</dateOfBirth>
<placeOfBirth>Grenaa</placeOfBirth>
<batStyle>RHB</batStyle>
<bowlStyle>RM</bowlStyle>
<batSkill>2</batSkill>
<bowlSkill>1</bowlSkill>
<img>NULL</img>
</player>
<player>
<firstName>Morten</firstName>
<surname>Andersen</surname>
<dateOfBirth>19-02-1972</dateOfBirth>
<placeOfBirth>Nyking</placeOfBirth>
<batStyle>RHB</batStyle>
<bowlStyle>RFM</bowlStyle>
<batSkill>1</batSkill>
<bowlSkill>2</bowlSkill>
<img>NULL</img>
</player>
<player>
<firstName>David</firstName>
<surname>Borchersen</surname>
<dateOfBirth>19-04-1978</dateOfBirth>
<placeOfBirth>Bjaeverskov</placeOfBirth>
<batStyle>RHB</batStyle>
<bowlStyle>RM</bowlStyle>
<batSkill>1</batSkill>
<bowlSkill>2</bowlSkill>
<img>NULL</img>
</player>
<player>
<firstName>Bobby</firstName>
<surname>Chawla</surname>
<dateOfBirth>02-12-1982</dateOfBirth>
<placeOfBirth>Frederiksberg</placeOfBirth>
<batStyle>RHB</batStyle>
<bowlStyle>RLB</bowlStyle>
<batSkill>1</batSkill>
<bowlSkill>2</bowlSkill>
<img>NULL</img>
</player>
<player>
<firstName>Henrik</firstName>
<surname>Hansen</surname>
<dateOfBirth>23-06-1977</dateOfBirth>
<placeOfBirth>Ringsted</placeOfBirth>
<batStyle>RHB</batStyle>
<bowlStyle>RFM</bowlStyle>
<batSkill>0</batSkill>
<bowlSkill>2</bowlSkill>
<img>NULL</img>
</player>
<player>
<firstName>Thomas</firstName>
<surname>Hansen</surname>
<dateOfBirth>25-03-1976</dateOfBirth>
<placeOfBirth>Glostrup</placeOfBirth>
<batStyle>RHB</batStyle>
<bowlStyle>LFM</bowlStyle>
<batSkill>1</batSkill>
<bowlSkill>3</bowlSkill>
<img>Hansen.JPG</img>
</player>
<player>
<firstName>Freddie</firstName>
<surname>Klokker</surname>
<dateOfBirth>13-03-1983</dateOfBirth>
<placeOfBirth>Odense</placeOfBirth>
<captain/>
<wktKeeper/>
<batStyle>LHB</batStyle>
<bowlStyle>LM</bowlStyle>
<batSkill>4</batSkill>
<bowlSkill>0</bowlSkill>
<img>Klokker.JPG</img>
</player>
<player>
<firstName>Mickey</firstName>
<surname>Lund</surname>
<dateOfBirth>21-08-1972</dateOfBirth>
<placeOfBirth>Frederiksberg</placeOfBirth>
<batStyle>RHB</batStyle>
<bowlStyle>RLB</bowlStyle>
<batSkill>2</batSkill>
<bowlSkill>0</bowlSkill>
<img>Lund.JPG</img>
</player>
<player>
<firstName>Johan</firstName>
<surname>Malcolm-Hansen</surname>
<dateOfBirth>22-04-1986</dateOfBirth>
<placeOfBirth>Kent</placeOfBirth>
<batStyle>RHB</batStyle>
<bowlStyle>ROB</bowlStyle>
<batSkill>3</batSkill>
<bowlSkill>1</bowlSkill>
<img>Malcolm.JPG</img>
</player>
<player>
<firstName>Max</firstName>
<surname>Overgaard</surname>
<dateOfBirth>01-01-1984</dateOfBirth>
<placeOfBirth>Denmark</placeOfBirth>
<batStyle>RHB</batStyle>
<bowlStyle>RM</bowlStyle>
<batSkill>1</batSkill>
<bowlSkill>0</bowlSkill>
<img>NULL</img>
</player>
<player>
<firstName>Carsten</firstName>
<surname>Pedersen</surname>
<dateOfBirth>18-05-1977</dateOfBirth>
<placeOfBirth>Herning</placeOfBirth>
<batStyle>RHB</batStyle>
<bowlStyle>ROB</bowlStyle>
<batSkill>2</batSkill>
<bowlSkill>1</bowlSkill>
<img>Pedersen.JPG</img>
</player>
<player>
<firstName>Michael</firstName>
<surname>Pedersen</surname>
<dateOfBirth>01-03-1986</dateOfBirth>
<placeOfBirth>Herning</placeOfBirth>
<batStyle>LHB</batStyle>
<bowlStyle>ROB</bowlStyle>
<batSkill>1</batSkill>
<bowlSkill>0</bowlSkill>
<img>NULL</img>
</player>
<player>
<firstName>Anders</firstName>
<surname>Rasmussen</surname>
<dateOfBirth>25-02-1975</dateOfBirth>
<placeOfBirth>Glostrup</placeOfBirth>
<batStyle>RHB</batStyle>
<bowlStyle>ROB</bowlStyle>
<batSkill>0</batSkill>
<bowlSkill>2</bowlSkill>
<img>NULL</img>
</player>
<player>
<firstName>Bashir</firstName>
<surname>Shah</surname>
<dateOfBirth>01-01-1983</dateOfBirth>
<placeOfBirth>Denmark</placeOfBirth>
<batStyle>RHB</batStyle>
<bowlStyle>RM</bowlStyle>
<batSkill>0</batSkill>
<bowlSkill>2</bowlSkill>
<img>NULL</img>
</player>
</team>
<team name="Hong Kong" flagFile="HON.GIF" Logo="">
<player>
<firstName>Zain</firstName>
<surname>Abbas</surname>
<dateOfBirth>16-04-1986</dateOfBirth>
<placeOfBirth>Pakistan</placeOfBirth>
<batStyle>RHB</batStyle>
<bowlStyle>RM</bowlStyle>
<batSkill>2</batSkill>
<bowlSkill>1</bowlSkill>
<img>Abbas.JPG</img>
</player>
<player>
<firstName>Ifran</firstName>
<surname>Ahmed</surname>
<dateOfBirth>20-11-1989</dateOfBirth>
<placeOfBirth>Pakistan</placeOfBirth>
<batStyle>RHB</batStyle>
<bowlStyle>RFM</bowlStyle>
<batSkill>1</batSkill>
<bowlSkill>1</bowlSkill>
<img>Ahmed.JPG</img>
</player>
<player>
<firstName>Nadeem</firstName>
<surname>Ahmed</surname>
<dateOfBirth>28-09-1987</dateOfBirth>
<placeOfBirth>Pakistan</placeOfBirth>
<batStyle>RHB</batStyle>
<bowlStyle>SLA</bowlStyle>
<batSkill>0</batSkill>
<bowlSkill>3</bowlSkill>
<img>NAhmed.JPG</img>
</player>
<player>
<firstName>Skhawat</firstName>
<surname>Ali</surname>
<dateOfBirth>05-04-1985</dateOfBirth>
<placeOfBirth>Hong Kong</placeOfBirth>
<batStyle>RHB</batStyle>
<bowlStyle>RFM</bowlStyle>
<batSkill>1</batSkill>
<bowlSkill>0</bowlSkill>
<img>Ali.JPG</img>
</player>
<player>
<firstName>Najeeb</firstName>
<surname>Amar</surname>
<dateOfBirth>25-09-1971</dateOfBirth>
<placeOfBirth>Punjab</placeOfBirth>
<batStyle>LHB</batStyle>
<bowlStyle>SLA</bowlStyle>
<batSkill>1</batSkill>
<bowlSkill>2</bowlSkill>
<img>Amar.JPG</img>
</player>
<player>
<firstName>James</firstName>
<surname>Atkinson</surname>
<dateOfBirth>24-08-1990</dateOfBirth>
<placeOfBirth>Hong Kong</placeOfBirth>
<wktKeeper/>
<batStyle>RHB</batStyle>
<bowlStyle>ROB</bowlStyle>
<batSkill>2</batSkill>
<bowlSkill>0</bowlSkill>
<img>Atkinson.JPG</img>
</player>
<player>
<firstName>Waqas</firstName>
<surname>Barkat</surname>
<dateOfBirth>17-02-1990</dateOfBirth>
<placeOfBirth>Punjab</placeOfBirth>
<wktKeeper/>
<batStyle>RHB</batStyle>
<bowlStyle>RM</bowlStyle>
<batSkill>1</batSkill>
<bowlSkill>0</bowlSkill>
<img>Barkat.JPG</img>
</player>
<player>
<firstName>Toby</firstName>
<surname>Brown</surname>
<dateOfBirth>15-03-1971</dateOfBirth>
<placeOfBirth>Australia</placeOfBirth>
<batStyle>LHB</batStyle>
<bowlStyle>LM</bowlStyle>
<batSkill>2</batSkill>
<bowlSkill>0</bowlSkill>
<img>Brown.JPG</img>
</player>
<player>
<firstName>Hussain</firstName>
<surname>Butt</surname>
<dateOfBirth>07-08-1976</dateOfBirth>
<placeOfBirth>Pakistan</placeOfBirth>
<batStyle>RHB</batStyle>
<bowlStyle>RFM</bowlStyle>
<batSkill>1</batSkill>
<bowlSkill>1</bowlSkill>
<img>Butt.JPG</img>
</player>
<player>
<firstName>Munir</firstName>
<surname>Dar</surname>
<dateOfBirth>12-04-1974</dateOfBirth>
<placeOfBirth>Punjab</placeOfBirth>
<batStyle>RHB</batStyle>
<bowlStyle>SLA</bowlStyle>
<batSkill>1</batSkill>
<bowlSkill>1</bowlSkill>
<img>MDar.JPG</img>
</player>
<player>
<firstName>Tabarak</firstName>
<surname>Dar</surname>
<dateOfBirth>03-05-1976</dateOfBirth>
<placeOfBirth>Mirpur</placeOfBirth>
<captain/>
<batStyle>RHB</batStyle>
<bowlStyle>RM</bowlStyle>
<batSkill>3</batSkill>
<bowlSkill>0</bowlSkill>
<img>Dar.JPG</img>
</player>
<player>
<firstName>Ashish</firstName>
<surname>Gadhia</surname>
<dateOfBirth>09-02-1991</dateOfBirth>
<placeOfBirth>India</placeOfBirth>
<batStyle>RHB</batStyle>
<bowlStyle>RM</bowlStyle>
<batSkill>1</batSkill>
<bowlSkill>0</bowlSkill>
<img>Gadhia.JPG</img>
</player>
<player>
<firstName>Afzaal</firstName>
<surname>Haider</surname>
<dateOfBirth>12-12-1971</dateOfBirth>
<placeOfBirth>Lahore</placeOfBirth>
<batStyle>RHB</batStyle>
<bowlStyle>RM</bowlStyle>
<batSkill>0</batSkill>
<bowlSkill>2</bowlSkill>
<img>Haider.JPG</img>
</player>
<player>
<firstName>Courtney</firstName>
<surname>Kruger</surname>
<dateOfBirth>18-02-1988</dateOfBirth>
<placeOfBirth>South Africa</placeOfBirth>
<batStyle>RHB</batStyle>
<bowlStyle>RM</bowlStyle>
<batSkill>2</batSkill>
<bowlSkill>0</bowlSkill>
<img>Kruger.JPG</img>
</player>
<player>
<firstName>Roy</firstName>
<surname>Lamsam</surname>
<dateOfBirth>15-05-1980</dateOfBirth>
<placeOfBirth>Hong Kong</placeOfBirth>
<batStyle>RHB</batStyle>
<bowlStyle>RM</bowlStyle>
<batSkill>2</batSkill>
<bowlSkill>1</bowlSkill>
<img>Lamsam.JPG</img>
</player>
</team>
<team name="Jersey" flagFile="JER.GIF" Logo="">
<player>
<firstName>James</firstName>
<surname>Brewster</surname>
<dateOfBirth>24-06-1977</dateOfBirth>
<placeOfBirth>St.Helier</placeOfBirth>
<wktKeeper/>
<batStyle>RHB</batStyle>
<bowlStyle>RM</bowlStyle>
<batSkill>1</batSkill>
<bowlSkill>0</bowlSkill>
<img>Brewster.JPG</img>
</player>
<player>
<firstName>Steve</firstName>
<surname>Carlyon</surname>
<dateOfBirth>14-07-1966</dateOfBirth>
<placeOfBirth>Jersey</placeOfBirth>
<batStyle>LHB</batStyle>
<bowlStyle>RM</bowlStyle>
<batSkill>2</batSkill>
<bowlSkill>0</bowlSkill>
<img>NULL</img>
</player>
<player>
<firstName>Tony</firstName>
<surname>Carlyon</surname>
<dateOfBirth>16-04-1970</dateOfBirth>
<placeOfBirth>Jersey</placeOfBirth>
<batStyle>RHB</batStyle>
<bowlStyle>RM</bowlStyle>
<batSkill>0</batSkill>
<bowlSkill>2</bowlSkill>
<img>TCarlyon.JPG</img>
</player>
<player>
<firstName>James</firstName>
<surname>Caunt</surname>
<dateOfBirth>21-07-1972</dateOfBirth>
<placeOfBirth>Nottingham</placeOfBirth>
<wktKeeper/>
<batStyle>RHB</batStyle>
<bowlStyle>ROB</bowlStyle>
<batSkill>1</batSkill>
<bowlSkill>0</bowlSkill>
<img>Caunt.JPG</img>
</player>
<player>
<firstName>Andy</firstName>
<surname>Dewhurst</surname>
<dateOfBirth>24-09-1983</dateOfBirth>
<placeOfBirth>Jersey</placeOfBirth>
<batStyle>RHB</batStyle>
<bowlStyle>RM</bowlStyle>
<batSkill>0</batSkill>
<bowlSkill>2</bowlSkill>
<img>Dewhurst.JPG</img>
</player>
<player>
<firstName>Ryan</firstName>
<surname>Driver</surname>
<dateOfBirth>30-04-1979</dateOfBirth>
<placeOfBirth>Truro</placeOfBirth>
<batStyle>LHB</batStyle>
<bowlStyle>RM</bowlStyle>
<batSkill>3</batSkill>
<bowlSkill>2</bowlSkill>
<img>Driver.JPG</img>
</player>
<player>
<firstName>Jonny</firstName>
<surname>Gough</surname>
<dateOfBirth>13-12-1984</dateOfBirth>
<placeOfBirth>Jersey</placeOfBirth>
<batStyle>RHB</batStyle>
<bowlStyle>ROB</bowlStyle>
<batSkill>2</batSkill>
<bowlSkill>0</bowlSkill>
<img>NULL</img>
</player>
<player>
<firstName>Peter</firstName>
<surname>Gough</surname>
<dateOfBirth>13-12-1984</dateOfBirth>
<placeOfBirth>Jersey</placeOfBirth>
<batStyle>LHB</batStyle>
<bowlStyle>ROB</bowlStyle>
<batSkill>3</batSkill>
<bowlSkill>1</bowlSkill>
<img>Gough.JPG</img>
</player>
<player>
<firstName>Matthew</firstName>
<surname>Hague</surname>
<dateOfBirth>17-08-1974</dateOfBirth>
<placeOfBirth>Australia</placeOfBirth>
<captain/>
<batStyle>RHB</batStyle>
<bowlStyle>RM</bowlStyle>
<batSkill>2</batSkill>
<bowlSkill>2</bowlSkill>
<img>Hague.JPG</img>
</player>
<player>
<firstName>Chris</firstName>
<surname>Jones</surname>
<dateOfBirth>17-12-1975</dateOfBirth>
<placeOfBirth>Jersey</placeOfBirth>
<batStyle>RHB</batStyle>
<bowlStyle>RM</bowlStyle>
<batSkill>0</batSkill>
<bowlSkill>2</bowlSkill>
<img>Jones.JPG</img>
</player>
<player>
<firstName>Bobby</firstName>
<surname>Minty</surname>
<dateOfBirth>20-11-1979</dateOfBirth>
<placeOfBirth>Jersey</placeOfBirth>
<wktKeeper/>
<batStyle>RHB</batStyle>
<bowlStyle>ROB</bowlStyle>
<batSkill>2</batSkill>
<bowlSkill>0</bowlSkill>
<img>BMinty.JPG</img>
</player>
<player>
<firstName>Tom</firstName>
<surname>Minty</surname>
<dateOfBirth>03-10-1985</dateOfBirth>
<placeOfBirth>Jersey</placeOfBirth>
<batStyle>RHB</batStyle>
<bowlStyle>RM</bowlStyle>
<batSkill>0</batSkill>
<bowlSkill>2</bowlSkill>
<img>NULL</img>
</player>
<player>
<firstName>Sachin</firstName>
<surname>Patidar</surname>
<dateOfBirth>08-02-1974</dateOfBirth>
<placeOfBirth>Unknown</placeOfBirth>
<batStyle>RHB</batStyle>
<bowlStyle>ROB</bowlStyle>
<batSkill>2</batSkill>
<bowlSkill>0</bowlSkill>
<img>Patidar.JPG</img>
</player>
<player>
<firstName>Bradley</firstName>
<surname>Vowden</surname>
<dateOfBirth>06-04-1972</dateOfBirth>
<placeOfBirth>Jersey</placeOfBirth>
<batStyle>RHB</batStyle>
<bowlStyle>RM</bowlStyle>
<batSkill>1</batSkill>
<bowlSkill>1</bowlSkill>
<img>NULL</img>
</player>
</team>
<team name="Namibia" flagFile="NAM.GIF" Logo="">
<player>
<firstName>Andries</firstName>
<surname>Burger</surname>
<dateOfBirth>25-08-1981</dateOfBirth>
<placeOfBirth>Newcastle SA</placeOfBirth>
<batStyle>RHB</batStyle>
<bowlStyle>RLB</bowlStyle>
<batSkill>3</batSkill>
<bowlSkill>2</bowlSkill>
<img>ABurger.JPG</img>
</player>
<player>
<firstName>Kola</firstName>
<surname>Burger</surname>
<dateOfBirth>05-05-1981</dateOfBirth>
<placeOfBirth>Cape Town</placeOfBirth>
<batStyle>RHB</batStyle>
<bowlStyle>LM</bowlStyle>
<batSkill>2</batSkill>
<bowlSkill>3</bowlSkill>
<img>KBurger.JPG</img>
</player>
<player>
<firstName>Louis</firstName>
<surname>Burger</surname>
<dateOfBirth>12-03-1978</dateOfBirth>
<placeOfBirth>Namibia</placeOfBirth>
<captain/>
<batStyle>RHB</batStyle>
<bowlStyle>RM</bowlStyle>
<batSkill>3</batSkill>
<bowlSkill>2</bowlSkill>
<img>LBurger.JPG</img>
</player>
<player>
<firstName>Sarel</firstName>
<surname>Burger</surname>
<dateOfBirth>13-02-1983</dateOfBirth>
<placeOfBirth>Windhoek</placeOfBirth>
<batStyle>RHB</batStyle>
<bowlStyle>RFM</bowlStyle>
<batSkill>3</batSkill>
<bowlSkill>2</bowlSkill>
<img>SBurger.JPG</img>
</player>
<player>
<firstName>Morne</firstName>
<surname>Engelbrecht</surname>
<dateOfBirth>13-08-1988</dateOfBirth>
<placeOfBirth>Empangeni</placeOfBirth>
<batStyle>RHB</batStyle>
<bowlStyle>RFM</bowlStyle>
<batSkill>1</batSkill>
<bowlSkill>2</bowlSkill>
<img>Morne.JPG</img>
</player>
<player>
<firstName>Louis</firstName>
<surname>Klazinga</surname>
<dateOfBirth>04-12-1985</dateOfBirth>
<placeOfBirth>Pretoria</placeOfBirth>
<batStyle>RHB</batStyle>
<bowlStyle>RFM</bowlStyle>
<batSkill>0</batSkill>
<bowlSkill>4</bowlSkill>
<img>Klazinga.JPG</img>
</player>
<player>
<firstName>Bjorn</firstName>
<surname>Kotze</surname>
<dateOfBirth>11-12-1978</dateOfBirth>
<placeOfBirth>Windhoek</placeOfBirth>
<batStyle>RHB</batStyle>
<bowlStyle>RM</bowlStyle>
<batSkill>2</batSkill>
<bowlSkill>3</bowlSkill>
<img>BKotze.JPG</img>
</player>
<player>
<firstName>Deon</firstName>
<surname>Kotze</surname>
<dateOfBirth>12-09-1973</dateOfBirth>
<placeOfBirth>Windhoek</placeOfBirth>
<batStyle>RHB</batStyle>
<bowlStyle>ROB</bowlStyle>
<batSkill>2</batSkill>
<bowlSkill>3</bowlSkill>
<img>DKotze.JPG</img>
</player>
<player>
<firstName>Nicholaas</firstName>
<surname>Scholtz</surname>
<dateOfBirth>05-11-1986</dateOfBirth>
<placeOfBirth>Keetmanshoop</placeOfBirth>
<batStyle>LHB</batStyle>
<bowlStyle>RLB</bowlStyle>
<batSkill>2</batSkill>
<bowlSkill>2</bowlSkill>
<img>Scholtz.JPG</img>
</player>
<player>
<firstName>Wilbur</firstName>
<surname>Slabber</surname>
<dateOfBirth>02-12-1980</dateOfBirth>
<placeOfBirth>Windhoek</placeOfBirth>
<batStyle>RHB</batStyle>
<bowlStyle>ROB</bowlStyle>
<batSkill>2</batSkill>
<bowlSkill>1</bowlSkill>
<img>Slabber.JPG</img>
</player>
<player>
<firstName>Gerrie</firstName>
<surname>Snyman</surname>
<dateOfBirth>30-04-1981</dateOfBirth>
<placeOfBirth>Windhoek</placeOfBirth>
<batStyle>RHB</batStyle>
<bowlStyle>RFM</bowlStyle>
<batSkill>4</batSkill>
<bowlSkill>3</bowlSkill>
<img>Snyman.JPG</img>
</player>
<player>
<firstName>Ewaid</firstName>
<surname>Steenkamp</surname>
<dateOfBirth>18-04-1988</dateOfBirth>
<placeOfBirth>Windhoek</placeOfBirth>
<wktKeeper/>
<batStyle>RHB</batStyle>
<bowlStyle>RM</bowlStyle>
<batSkill>1</batSkill>
<bowlSkill>0</bowlSkill>
<img>Steenkamp.JPG</img>
</player>
<player>
<firstName>Louis</firstName>
<surname>Van Der Westhuizen</surname>
<dateOfBirth>31-03-1988</dateOfBirth>
<placeOfBirth>Namibia</placeOfBirth>
<batStyle>LHB</batStyle>
<bowlStyle>SLA</bowlStyle>
<batSkill>2</batSkill>
<bowlSkill>2</bowlSkill>
<img>West.JPG</img>
</player>
<player>
<firstName>Burton</firstName>
<surname>Van Rooi</surname>
<dateOfBirth>09-07-1982</dateOfBirth>
<placeOfBirth>Namibia</placeOfBirth>
<batStyle>RHB</batStyle>
<bowlStyle>RM</bowlStyle>
<batSkill>2</batSkill>
<bowlSkill>2</bowlSkill>
<img>Rooi.JPG</img>
</player>
<player>
<firstName>Raymond</firstName>
<surname>Van Schoor</surname>
<dateOfBirth>23-05-1990</dateOfBirth>
<placeOfBirth>Namibia</placeOfBirth>
<wktKeeper/>
<batStyle>RHB</batStyle>
<bowlStyle>ROB</bowlStyle>
<batSkill>2</batSkill>
<bowlSkill>0</bowlSkill>
<img>VanSchoor.JPG</img>
</player>
<player>
<firstName>Ian</firstName>
<surname>Van Zyl</surname>
<dateOfBirth>06-04-1980</dateOfBirth>
<placeOfBirth>Grootfontein</placeOfBirth>
<batStyle>RHB</batStyle>
<bowlStyle>RFM</bowlStyle>
<batSkill>1</batSkill>
<bowlSkill>2</bowlSkill>
<img>VanZyl.JPG</img>
</player>
<player>
<firstName>Tobias</firstName>
<surname>Verwey</surname>
<dateOfBirth>02-11-1981</dateOfBirth>
<placeOfBirth>Namibia</placeOfBirth>
<wktKeeper/>
<batStyle>RHB</batStyle>
<bowlStyle>ROB</bowlStyle>
<batSkill>2</batSkill>
<bowlSkill>0</bowlSkill>
<img>Verwey.JPG</img>
</player>
<player>
<firstName>Craig</firstName>
<surname>Williams</surname>
<dateOfBirth>25-02-1984</dateOfBirth>
<placeOfBirth>Oshakati</placeOfBirth>
<batStyle>RHB</batStyle>
<bowlStyle>RM</bowlStyle>
<batSkill>2</batSkill>
<bowlSkill>2</bowlSkill>
<img>NULL</img>
</player>
</team>
<team name="United Arab Emirates" flagFile="UAE.GIF" Logo="">
<player>
<firstName>Fahad</firstName>
<surname>Alhashmi</surname>
<dateOfBirth>31-07-1982</dateOfBirth>
<placeOfBirth>Dubai</placeOfBirth>
<batStyle>RHB</batStyle>
<bowlStyle>RFM</bowlStyle>
<batSkill>2</batSkill>
<bowlSkill>1</bowlSkill>
<img>NULL</img>
</player>
<player>
<firstName>Aman</firstName>
<surname>Ali</surname>
<dateOfBirth>29-09-1989</dateOfBirth>
<placeOfBirth>Dubai</placeOfBirth>
<batStyle>RHB</batStyle>
<bowlStyle>LFM</bowlStyle>
<batSkill>1</batSkill>
<bowlSkill>1</bowlSkill>
<img>NULL</img>
</player>
<player>
<firstName>Amjad</firstName>
<surname>Ali</surname>
<dateOfBirth>25-09-1979</dateOfBirth>
<placeOfBirth>Lahore</placeOfBirth>
<wktKeeper/>
<batStyle>LHB</batStyle>
<bowlStyle>RM</bowlStyle>
<batSkill>2</batSkill>
<bowlSkill>0</bowlSkill>
<img>Amjad.JPG</img>
</player>
<player>
<firstName>Arshad</firstName>
<surname>Ali</surname>
<dateOfBirth>06-04-1976</dateOfBirth>
<placeOfBirth>Punjab</placeOfBirth>
<batStyle>RHB</batStyle>
<bowlStyle>RM</bowlStyle>
<batSkill>4</batSkill>
<bowlSkill>2</bowlSkill>
<img>Arshad.JPG</img>
</player>
<player>
<firstName>Saqib</firstName>
<surname>Ali</surname>
<dateOfBirth>14-04-1978</dateOfBirth>
<placeOfBirth>Multan</placeOfBirth>
<captain/>
<batStyle>RHB</batStyle>
<bowlStyle>ROB</bowlStyle>
<batSkill>4</batSkill>
<bowlSkill>1</bowlSkill>
<img>Saqib.JPG</img>
</player>
<player>
<firstName>Indika</firstName>
<surname>Batuwitarachchi</surname>
<dateOfBirth>03-11-1974</dateOfBirth>
<placeOfBirth>Columbo</placeOfBirth>
<batStyle>RHB</batStyle>
<bowlStyle>RM</bowlStyle>
<batSkill>3</batSkill>
<bowlSkill>0</bowlSkill>
<img>Indika.JPG</img>
</player>
<player>
<firstName>Salman</firstName>
<surname>Farooq</surname>
<dateOfBirth>26-11-1981</dateOfBirth>
<placeOfBirth>Karachi</placeOfBirth>
<batStyle>RHB</batStyle>
<bowlStyle>ROB</bowlStyle>
<batSkill>1</batSkill>
<bowlSkill>1</bowlSkill>
<img>NULL</img>
</player>
<player>
<firstName>Nizel</firstName>
<surname>Fernandes</surname>
<dateOfBirth>03-01-1977</dateOfBirth>
<placeOfBirth>Mumbai</placeOfBirth>
<batStyle>LHB</batStyle>
<bowlStyle>SLA</bowlStyle>
<batSkill>2</batSkill>
<bowlSkill>0</bowlSkill>
<img>Fernandes.JPG</img>
</player>
<player>
<firstName>Amjad</firstName>
<surname>Javed</surname>
<dateOfBirth>05-07-1980</dateOfBirth>
<placeOfBirth>Dubai</placeOfBirth>
<batStyle>RHB</batStyle>
<bowlStyle>RM</bowlStyle>
<batSkill>2</batSkill>
<bowlSkill>1</bowlSkill>
<img>NULL</img>
</player>
<player>
<firstName>Khurram</firstName>
<surname>Khan</surname>
<dateOfBirth>21-06-1971</dateOfBirth>
<placeOfBirth>Multan</placeOfBirth>
<batStyle>LHB</batStyle>
<bowlStyle>SLA</bowlStyle>
<batSkill>3</batSkill>
<bowlSkill>3</bowlSkill>
<img>Khan.JPG</img>
</player>
<player>
<firstName>Zahid</firstName>
<surname>Shah</surname>
<dateOfBirth>08-06-1980</dateOfBirth>
<placeOfBirth>Peshawar</placeOfBirth>
<batStyle>RHB</batStyle>
<bowlStyle>RFM</bowlStyle>
<batSkill>1</batSkill>
<bowlSkill>3</bowlSkill>
<img>Shah.JPG</img>
</player>
<player>
<firstName>Vikrant</firstName>
<surname>Shetty</surname>
<dateOfBirth>17-10-1983</dateOfBirth>
<placeOfBirth>Mumbai</placeOfBirth>
<batStyle>RHB</batStyle>
<bowlStyle>ROB</bowlStyle>
<batSkill>2</batSkill>
<bowlSkill>1</bowlSkill>
<img>NULL</img>
</player>
<player>
<firstName>Shadeep</firstName>
<surname>Silva</surname>
<dateOfBirth>18-08-1978</dateOfBirth>
<placeOfBirth>Galle</placeOfBirth>
<batStyle>LHB</batStyle>
<bowlStyle>SLA</bowlStyle>
<batSkill>2</batSkill>
<bowlSkill>2</bowlSkill>
<img>Silva.JPG</img>
</player>
<player>
<firstName>Alawi</firstName>
<surname>Shukri</surname>
<dateOfBirth>23-01-1990</dateOfBirth>
<placeOfBirth>Dubai</placeOfBirth>
<batStyle>LHB</batStyle>
<bowlStyle>ROB</bowlStyle>
<batSkill>1</batSkill>
<bowlSkill>1</bowlSkill>
<img>NULL</img>
</player>
<player>
<firstName>Mohammad</firstName>
<surname>Tauqir</surname>
<dateOfBirth>21-06-1971</dateOfBirth>
<placeOfBirth>Dubai</placeOfBirth>
<batStyle>RHB</batStyle>
<bowlStyle>ROB</bowlStyle>
<batSkill>2</batSkill>
<bowlSkill>3</bowlSkill>
<img>Tauqir.JPG</img>
</player>
</team>
<team name="Vanuatu" flagFile="VAN.GIF" Logo="">
<player>
<firstName>Michael</firstName>
<surname>Avok</surname>
<dateOfBirth>02-05-1986</dateOfBirth>
<placeOfBirth>Vanuatu</placeOfBirth>
<batStyle>RHB</batStyle>
<bowlStyle>ROB</bowlStyle>
<batSkill>0</batSkill>
<bowlSkill>0</bowlSkill>
<img>NULL</img>
</player>
<player>
<firstName>Pierre</firstName>
<surname>Chilia</surname>
<dateOfBirth>29-05-1968</dateOfBirth>
<placeOfBirth>Vanuatu</placeOfBirth>
<batStyle>RHB</batStyle>
<bowlStyle>ROB</bowlStyle>
<batSkill>0</batSkill>
<bowlSkill>1</bowlSkill>
<img>NULL</img>
</player>
<player>
<firstName>Selwyn</firstName>
<surname>Garae</surname>
<dateOfBirth>04-04-1988</dateOfBirth>
<placeOfBirth>Vanuatu</placeOfBirth>
<batStyle>LHB</batStyle>
<bowlStyle>LM</bowlStyle>
<batSkill>0</batSkill>
<bowlSkill>0</bowlSkill>
<img>NULL</img>
</player>
<player>
<firstName>Patrick</firstName>
<surname>Haines</surname>
<dateOfBirth>15-05-1974</dateOfBirth>
<placeOfBirth>Vanuatu</placeOfBirth>
<captain/>
<batStyle>RHB</batStyle>
<bowlStyle>RFM</bowlStyle>
<batSkill>0</batSkill>
<bowlSkill>1</bowlSkill>
<img>Haines.JPG</img>
</player>
<player>
<firstName>Aby</firstName>
<surname>John</surname>
<dateOfBirth>13-11-1986</dateOfBirth>
<placeOfBirth>Vanuatu</placeOfBirth>
<batStyle>RHB</batStyle>
<bowlStyle>RM</bowlStyle>
<batSkill>0</batSkill>
<bowlSkill>0</bowlSkill>
<img>NULL</img>
</player>
<player>
<firstName>Trevor</firstName>
<surname>Langa</surname>
<dateOfBirth>30-10-1989</dateOfBirth>
<placeOfBirth>Vanuatu</placeOfBirth>
<wktKeeper/>
<batStyle>RHB</batStyle>
<bowlStyle>ROB</bowlStyle>
<batSkill>1</batSkill>
<bowlSkill>0</bowlSkill>
<img>NULL</img>
</player>
<player>
<firstName>Andrew</firstName>
<surname>Mansale</surname>
<dateOfBirth>05-08-1988</dateOfBirth>
<placeOfBirth>Vanuatu</placeOfBirth>
<batStyle>RHB</batStyle>
<bowlStyle>ROB</bowlStyle>
<batSkill>2</batSkill>
<bowlSkill>2</bowlSkill>
<img>AMansale.JPG</img>
</player>
<player>
<firstName>Eddie</firstName>
<surname>Mansale</surname>
<dateOfBirth>12-01-1976</dateOfBirth>
<placeOfBirth>Vanuatu</placeOfBirth>
<batStyle>RHB</batStyle>
<bowlStyle>ROB</bowlStyle>
<batSkill>1</batSkill>
<bowlSkill>0</bowlSkill>
<img>NULL</img>
</player>
<player>
<firstName>Patrick</firstName>
<surname>Matuataava</surname>
<dateOfBirth>27-09-1991</dateOfBirth>
<placeOfBirth>Vanuatu</placeOfBirth>
<batStyle>RHB</batStyle>
<bowlStyle>RM</bowlStyle>
<batSkill>0</batSkill>
<bowlSkill>0</bowlSkill>
<img>NULL</img>
</player>
<player>
<firstName>Lenica</firstName>
<surname>Natapei</surname>
<dateOfBirth>20-04-1986</dateOfBirth>
<placeOfBirth>Vanuatu</placeOfBirth>
<wktKeeper/>
<batStyle>RHB</batStyle>
<bowlStyle>RM</bowlStyle>
<batSkill>0</batSkill>
<bowlSkill>0</bowlSkill>
<img>NULL</img>
</player>
<player>
<firstName>Ken</firstName>
<surname>Natapei</surname>
<dateOfBirth>26-11-1980</dateOfBirth>
<placeOfBirth>Vanuatu</placeOfBirth>
<batStyle>RHB</batStyle>
<bowlStyle>RM</bowlStyle>
<batSkill>0</batSkill>
<bowlSkill>1</bowlSkill>
<img>NULL</img>
</player>
<player>
<firstName>Manu</firstName>
<surname>Nimoho</surname>
<dateOfBirth>20-03-1982</dateOfBirth>
<placeOfBirth>Vanuatu</placeOfBirth>
<batStyle>RHB</batStyle>
<bowlStyle>RM</bowlStyle>
<batSkill>1</batSkill>
<bowlSkill>1</bowlSkill>
<img>Nimoho.JPG</img>
</player>
<player>
<firstName>Simpson</firstName>
<surname>Obed</surname>
<dateOfBirth>17-09-1989</dateOfBirth>
<placeOfBirth>Vanuatu</placeOfBirth>
<batStyle>RHB</batStyle>
<bowlStyle>RLB</bowlStyle>
<batSkill>1</batSkill>
<bowlSkill>0</bowlSkill>
<img>NULL</img>
</player>
<player>
<firstName>Richard</firstName>
<surname>Tatwin</surname>
<dateOfBirth>27-08-1975</dateOfBirth>
<placeOfBirth>Vanuatu</placeOfBirth>
<wktKeeper/>
<batStyle>LHB</batStyle>
<bowlStyle>LM</bowlStyle>
<batSkill>1</batSkill>
<bowlSkill>0</bowlSkill>
<img>Tatwin.JPG</img>
</player>
</team>
</teams>
