<?xml version="1.0"?>
<teams type="HP Associates">
<team name="Bermuda" flagFile="BER.GIF" logo="">
<player>
<firstName>Lionel</firstName>
<surname>Cann</surname>
<dateOfBirth>03-10-1972</dateOfBirth>
<placeOfBirth>Bermuda</placeOfBirth>
<batStyle>RHB</batStyle>
<bowlStyle>RM</bowlStyle>
<batSkill>2</batSkill>
<bowlSkill>1</bowlSkill>
<img>Cann.JPG</img>
</player>
<player>
<firstName>James</firstName>
<surname>Celestine</surname>
<dateOfBirth>13-10-1973</dateOfBirth>
<placeOfBirth>Grenada</placeOfBirth>
<batStyle>RHB</batStyle>
<bowlStyle>RM</bowlStyle>
<batSkill>1</batSkill>
<bowlSkill>0</bowlSkill>
<img>Celestine.JPG</img>
</player>
<player>
<firstName>Jekon</firstName>
<surname>Edness</surname>
<dateOfBirth>13-09-1983</dateOfBirth>
<placeOfBirth>Bermuda</placeOfBirth>
<wktKeeper/>
<batStyle>RHB</batStyle>
<bowlStyle>ROB</bowlStyle>
<batSkill>2</batSkill>
<bowlSkill>0</bowlSkill>
<img>NULL</img>
</player>
<player>
<firstName>David</firstName>
<surname>Hemp</surname>
<dateOfBirth>08-11-1970</dateOfBirth>
<placeOfBirth>Bermuda</placeOfBirth>
<captain/>
<batStyle>LHB</batStyle>
<bowlStyle>RM</bowlStyle>
<batSkill>4</batSkill>
<bowlSkill>2</bowlSkill>
<img>Hemp.JPG</img>
</player>
<player>
<firstName>Kyle</firstName>
<surname>Hodsoll</surname>
<dateOfBirth>24-11-1988</dateOfBirth>
<placeOfBirth>Bermuda</placeOfBirth>
<batStyle>RHB</batStyle>
<bowlStyle>RFM</bowlStyle>
<batSkill>0</batSkill>
<bowlSkill>2</bowlSkill>
<img>Hodsoll.JPG</img>
</player>
<player>
<firstName>Kevin</firstName>
<surname>Hurdle</surname>
<dateOfBirth>30-12-1976</dateOfBirth>
<placeOfBirth>Bermuda</placeOfBirth>
<batStyle>RHB</batStyle>
<bowlStyle>RM</bowlStyle>
<batSkill>1</batSkill>
<bowlSkill>2</bowlSkill>
<img>Hurdle.JPG</img>
</player>
<player>
<firstName>Malachi</firstName>
<surname>Jones</surname>
<dateOfBirth>26-06-1989</dateOfBirth>
<placeOfBirth>Bermuda</placeOfBirth>
<batStyle>RHB</batStyle>
<bowlStyle>RFM</bowlStyle>
<batSkill>1</batSkill>
<bowlSkill>2</bowlSkill>
<img>Jones.JPG</img>
</player>
<player>
<firstName>Stefan</firstName>
<surname>Kelly</surname>
<dateOfBirth>24-08-1988</dateOfBirth>
<placeOfBirth>Bermuda</placeOfBirth>
<batStyle>RHB</batStyle>
<bowlStyle>RFM</bowlStyle>
<batSkill>0</batSkill>
<bowlSkill>2</bowlSkill>
<img>Kelly.JPG</img>
</player>
<player>
<firstName>Dwayne</firstName>
<surname>Leverock</surname>
<dateOfBirth>14-07-1971</dateOfBirth>
<placeOfBirth>Bermuda</placeOfBirth>
<batStyle>RHB</batStyle>
<bowlStyle>SLA</bowlStyle>
<batSkill>1</batSkill>
<bowlSkill>4</bowlSkill>
<img>Leverock.JPG</img>
</player>
<player>
<firstName>George</firstName>
<surname>O'Brien</surname>
<dateOfBirth>16-09-1984</dateOfBirth>
<placeOfBirth>Bermuda</placeOfBirth>
<batStyle>RHB</batStyle>
<bowlStyle>RFM</bowlStyle>
<batSkill>0</batSkill>
<bowlSkill>2</bowlSkill>
<img>O'Brien.JPG</img>
</player>
<player>
<firstName>Steven</firstName>
<surname>Outerbridge</surname>
<dateOfBirth>20-05-1983</dateOfBirth>
<placeOfBirth>Bermuda</placeOfBirth>
<batStyle>LHB</batStyle>
<bowlStyle>ROB</bowlStyle>
<batSkill>2</batSkill>
<bowlSkill>0</bowlSkill>
<img>Outerbridge.JPG</img>
</player>
<player>
<firstName>Irving</firstName>
<surname>Romaine</surname>
<dateOfBirth>08-08-1972</dateOfBirth>
<placeOfBirth>Bermuda</placeOfBirth>
<captain/>
<batStyle>RHB</batStyle>
<bowlStyle>ROB</bowlStyle>
<batSkill>3</batSkill>
<bowlSkill>1</bowlSkill>
<img>Romaine.JPG</img>
</player>
<player>
<firstName>Ryan</firstName>
<surname>Steede</surname>
<dateOfBirth>09-11-1975</dateOfBirth>
<placeOfBirth>Bermuda</placeOfBirth>
<batStyle>RHB</batStyle>
<bowlStyle>RFM</bowlStyle>
<batSkill>1</batSkill>
<bowlSkill>2</bowlSkill>
<img>Steede.JPG</img>
</player>
<player>
<firstName>Rodney</firstName>
<surname>Trott</surname>
<dateOfBirth>08-09-1987</dateOfBirth>
<placeOfBirth>Bermuda</placeOfBirth>
<batStyle>RHB</batStyle>
<bowlStyle>ROB</bowlStyle>
<batSkill>2</batSkill>
<bowlSkill>2</bowlSkill>
<img>Trott.JPG</img>
</player>
<player>
<firstName>Janeiro</firstName>
<surname>Tucker</surname>
<dateOfBirth>15-03-1975</dateOfBirth>
<placeOfBirth>Bermuda</placeOfBirth>
<batStyle>RHB</batStyle>
<bowlStyle>RM</bowlStyle>
<batSkill>2</batSkill>
<bowlSkill>1</bowlSkill>
<img>JTucker.JPG</img>
</player>
<player>
<firstName>Tamauri</firstName>
<surname>Tucker</surname>
<dateOfBirth>10-12-1988</dateOfBirth>
<placeOfBirth>Bermuda</placeOfBirth>
<batStyle>RHB</batStyle>
<bowlStyle>ROB</bowlStyle>
<batSkill>0</batSkill>
<bowlSkill>1</bowlSkill>
<img>TTucker.JPG</img>
</player>
</team>
<team name="Canada" flagFile="CAN.GIF" logo="">
<player>
<firstName>Qaiser</firstName>
<surname>Ali</surname>
<dateOfBirth>20-12-1978</dateOfBirth>
<placeOfBirth>Rawalpindi</placeOfBirth>
<batStyle>RHB</batStyle>
<bowlStyle>ROB</bowlStyle>
<batSkill>2</batSkill>
<bowlSkill>1</bowlSkill>
<img>Ali.JPG</img>
</player>
<player>
<firstName>Ashish</firstName>
<surname>Bagai</surname>
<dateOfBirth>26-1-1982</dateOfBirth>
<placeOfBirth>Delhi</placeOfBirth>
<captain/>
<wktKeeper/>
<batStyle>RHB</batStyle>
<bowlStyle>ROB</bowlStyle>
<batSkill>3</batSkill>
<bowlSkill>0</bowlSkill>
<img>Bagai.jpg</img>
</player>
<player>
<firstName>Geoff</firstName>
<surname>Barnett</surname>
<dateOfBirth>03-02-1984</dateOfBirth>
<placeOfBirth>Nelson</placeOfBirth>
<batStyle>LHB</batStyle>
<bowlStyle>RM</bowlStyle>
<batSkill>3</batSkill>
<bowlSkill>0</bowlSkill>
<img>Barnett.JPG</img>
</player>
<player>
<firstName>Trevin</firstName>
<surname>Bastiampillai</surname>
<dateOfBirth>26-10-1985</dateOfBirth>
<placeOfBirth>Sri Lanka</placeOfBirth>
<batStyle>RHB</batStyle>
<bowlStyle>ROB</bowlStyle>
<batSkill>2</batSkill>
<bowlSkill>0</bowlSkill>
<img>Bastiampillai.JPG</img>
</player>
<player>
<firstName>Umar</firstName>
<surname>Bhatti</surname>
<dateOfBirth>04-01-1984</dateOfBirth>
<placeOfBirth>Lahore</placeOfBirth>
<batStyle>LHB</batStyle>
<bowlStyle>LM</bowlStyle>
<batSkill>2</batSkill>
<bowlSkill>3</bowlSkill>
<img>Bhatti.JPG</img>
</player>
<player>
<firstName>Ian</firstName>
<surname>Billcliff</surname>
<dateOfBirth>26-10-1972</dateOfBirth>
<placeOfBirth>British Columbia</placeOfBirth>
<batStyle>RHB</batStyle>
<bowlStyle>RM</bowlStyle>
<batSkill>3</batSkill>
<bowlSkill>0</bowlSkill>
<img>Billcliff.JPG</img>
</player>
<player>
<firstName>John</firstName>
<surname>Davison</surname>
<dateOfBirth>09-05-1970</dateOfBirth>
<placeOfBirth>Vancouver</placeOfBirth>
<batStyle>RHB</batStyle>
<bowlStyle>ROB</bowlStyle>
<batSkill>3</batSkill>
<bowlSkill>3</bowlSkill>
<img>Davison.JPG</img>
</player>
<player>
<firstName>Sunil</firstName>
<surname>Dhaniram</surname>
<dateOfBirth>17-10-1968</dateOfBirth>
<placeOfBirth>Guyana</placeOfBirth>
<captain/>
<batStyle>LHB</batStyle>
<bowlStyle>SLA</bowlStyle>
<batSkill>3</batSkill>
<bowlSkill>3</bowlSkill>
<img>Dhaniram.JPG</img>
</player>
<player>
<firstName>Mohammad</firstName>
<surname>Iqbal</surname>
<dateOfBirth>31-12-1973</dateOfBirth>
<placeOfBirth>Lahore</placeOfBirth>
<batStyle>RHB</batStyle>
<bowlStyle>RM</bowlStyle>
<batSkill>2</batSkill>
<bowlSkill>0</bowlSkill>
<img>Iqbal.JPG</img>
</player>
<player>
<firstName>Arvind</firstName>
<surname>Kandappah</surname>
<dateOfBirth>07-03-1971</dateOfBirth>
<placeOfBirth>Sri Lanka</placeOfBirth>
<batStyle>RHB</batStyle>
<bowlStyle>ROB</bowlStyle>
<batSkill>2</batSkill>
<bowlSkill>0</bowlSkill>
<img>Kandappah.JPG</img>
</player>
<player>
<firstName>Ashif</firstName>
<surname>Mulla</surname>
<dateOfBirth>05-05-1980</dateOfBirth>
<placeOfBirth>Gujarat</placeOfBirth>
<wktKeeper/>
<batStyle>RHB</batStyle>
<bowlStyle>ROB</bowlStyle>
<batSkill>2</batSkill>
<bowlSkill>0</bowlSkill>
<img>Mulla.JPG</img>
</player>
<player>
<firstName>Henry</firstName>
<surname>Osinde</surname>
<dateOfBirth>17-10-1978</dateOfBirth>
<placeOfBirth>Uganda</placeOfBirth>
<batStyle>RHB</batStyle>
<bowlStyle>RFM</bowlStyle>
<batSkill>1</batSkill>
<bowlSkill>3</bowlSkill>
<img>Osinde.JPG</img>
</player>
<player>
<firstName>Jason</firstName>
<surname>Patraj</surname>
<dateOfBirth>26-07-1981</dateOfBirth>
<placeOfBirth>Toronto</placeOfBirth>
<batStyle>RHB</batStyle>
<bowlStyle>ROB</bowlStyle>
<batSkill>1</batSkill>
<bowlSkill>1</bowlSkill>
<img>Patraj.JPG</img>
</player>
<player>
<firstName>Kevin</firstName>
<surname>Sandher</surname>
<dateOfBirth>16-07-1980</dateOfBirth>
<placeOfBirth>Vancouver</placeOfBirth>
<batStyle>RHB</batStyle>
<bowlStyle>SLA</bowlStyle>
<batSkill>1</batSkill>
<bowlSkill>2</bowlSkill>
<img>Sandher.JPG</img>
</player>
<player>
<firstName>Aftab</firstName>
<surname>Shamsudeen</surname>
<dateOfBirth>09-07-1977</dateOfBirth>
<placeOfBirth>Guyana</placeOfBirth>
<wktKeeper/>
<batStyle>RHB</batStyle>
<bowlStyle>ROB</bowlStyle>
<batSkill>1</batSkill>
<bowlSkill>0</bowlSkill>
<img>Shamsudeen.JPG</img>
</player>
<player>
<firstName>Durand</firstName>
<surname>Soraine</surname>
<dateOfBirth>11-09-1983</dateOfBirth>
<placeOfBirth>India</placeOfBirth>
<batStyle>RHB</batStyle>
<bowlStyle>RM</bowlStyle>
<batSkill>0</batSkill>
<bowlSkill>2</bowlSkill>
<img>Soraine.JPG</img>
</player>
</team>
<team name="Ireland" flagFile="IRE.GIF" logo="">
<player>
<firstName>Andre</firstName>
<surname>Botha</surname>
<dateOfBirth>12-09-1975</dateOfBirth>
<placeOfBirth>Johannesburg</placeOfBirth>
<batStyle>LHB</batStyle>
<bowlStyle>RM</bowlStyle>
<batSkill>3</batSkill>
<bowlSkill>3</bowlSkill>
<img>Botha.JPG</img>
</player>
<player>
<firstName>Alex</firstName>
<surname>Cussack</surname>
<dateOfBirth>29-10-1980</dateOfBirth>
<placeOfBirth>Brisbane</placeOfBirth>
<batStyle>RHB</batStyle>
<bowlStyle>RM</bowlStyle>
<batSkill>2</batSkill>
<bowlSkill>2</bowlSkill>
<img>Cussack.JPG</img>
</player>
<player>
<firstName>Thinus</firstName>
<surname>Fourie</surname>
<dateOfBirth>23-07-1979</dateOfBirth>
<placeOfBirth>Cape Town</placeOfBirth>
<batStyle>RHB</batStyle>
<bowlStyle>RFM</bowlStyle>
<batSkill>0</batSkill>
<bowlSkill>2</bowlSkill>
<img>Fourie.JPG</img>
</player>
<player>
<firstName>James</firstName>
<surname>Hall</surname>
<dateOfBirth>19-10-1988</dateOfBirth>
<placeOfBirth>Preston</placeOfBirth>
<batStyle>RHB</batStyle>
<bowlStyle>ROB</bowlStyle>
<batSkill>2</batSkill>
<bowlSkill>1</bowlSkill>
<img>Hall.JPG</img>
</player>
<player>
<firstName>Trent</firstName>
<surname>Johnston</surname>
<dateOfBirth>29-04-1974</dateOfBirth>
<placeOfBirth>New South Wales</placeOfBirth>
<captain/>
<batStyle>RHB</batStyle>
<bowlStyle>RFM</bowlStyle>
<batSkill>2</batSkill>
<bowlSkill>3</bowlSkill>
<img>Johnston.JPG</img>
</player>
<player>
<firstName>Domonic</firstName>
<surname>Joyce</surname>
<dateOfBirth>14-06-1981</dateOfBirth>
<placeOfBirth>Dublin</placeOfBirth>
<batStyle>RHB</batStyle>
<bowlStyle>RM</bowlStyle>
<batSkill>2</batSkill>
<bowlSkill>0</bowlSkill>
<img>Joyce.JPG</img>
</player>
<player>
<firstName>Gary</firstName>
<surname>Kidd</surname>
<dateOfBirth>18-09-1985</dateOfBirth>
<placeOfBirth>Craigavon</placeOfBirth>
<batStyle>LHB</batStyle>
<bowlStyle>SLA</bowlStyle>
<batSkill>0</batSkill>
<bowlSkill>2</bowlSkill>
<img>Kidd.JPG</img>
</player>
<player>
<firstName>Kyle</firstName>
<surname>McCallan</surname>
<dateOfBirth>27-08-1975</dateOfBirth>
<placeOfBirth>Carrickfergus</placeOfBirth>
<batStyle>RHB</batStyle>
<bowlStyle>ROB</bowlStyle>
<batSkill>1</batSkill>
<bowlSkill>3</bowlSkill>
<img>McCallan.GIF</img>
</player>
<player>
<firstName>Eoin</firstName>
<surname>Morgan</surname>
<dateOfBirth>10-09-1986</dateOfBirth>
<placeOfBirth>Dublin</placeOfBirth>
<batStyle>LHB</batStyle>
<bowlStyle>RM</bowlStyle>
<batSkill>3</batSkill>
<bowlSkill>1</bowlSkill>
<img>Morgan.JPG</img>
</player>
<player>
<firstName>Kevin</firstName>
<surname>O'Brien</surname>
<dateOfBirth>04-03-1984</dateOfBirth>
<placeOfBirth>Dublin</placeOfBirth>
<batStyle>RHB</batStyle>
<bowlStyle>RM</bowlStyle>
<batSkill>3</batSkill>
<bowlSkill>3</bowlSkill>
<img>KOB.JPG</img>
</player>
<player>
<firstName>Niall</firstName>
<surname>O'Brien</surname>
<dateOfBirth>08-11-1981</dateOfBirth>
<placeOfBirth>Dublin</placeOfBirth>
<wktKeeper/>
<batStyle>LHB</batStyle>
<bowlStyle>SLA</bowlStyle>
<batSkill>4</batSkill>
<bowlSkill>0</bowlSkill>
<img>NOB.JPG</img>
</player>
<player>
<firstName>William</firstName>
<surname>Porterfield</surname>
<dateOfBirth>06-09-1984</dateOfBirth>
<placeOfBirth>Londonderry</placeOfBirth>
<batStyle>LHB</batStyle>
<bowlStyle>LM</bowlStyle>
<batSkill>4</batSkill>
<bowlSkill>0</bowlSkill>
<img>Porterfield.JPG</img>
</player>
<player>
<firstName>Boyd</firstName>
<surname>Rankin</surname>
<dateOfBirth>05-07-1984</dateOfBirth>
<placeOfBirth>Derry</placeOfBirth>
<batStyle>LHB</batStyle>
<bowlStyle>RFM</bowlStyle>
<batSkill>1</batSkill>
<bowlSkill>4</bowlSkill>
<img>Rankin.JPG</img>
</player>
<player>
<firstName>Paul</firstName>
<surname>Stirling</surname>
<dateOfBirth>03-09-1990</dateOfBirth>
<placeOfBirth>Ireland</placeOfBirth>
<batStyle>RHB</batStyle>
<bowlStyle>ROB</bowlStyle>
<batSkill>2</batSkill>
<bowlSkill>0</bowlSkill>
<img>Stirling.JPG</img>
</player>
<player>
<firstName>Greg</firstName>
<surname>Thompson</surname>
<dateOfBirth>17-09-1987</dateOfBirth>
<placeOfBirth>Lisburn</placeOfBirth>
<batStyle>RHB</batStyle>
<bowlStyle>RLB</bowlStyle>
<batSkill>0</batSkill>
<bowlSkill>2</bowlSkill>
<img>Thompson.JPG</img>
</player>
<player>
<firstName>Andrew</firstName>
<surname>White</surname>
<dateOfBirth>03-07-1980</dateOfBirth>
<placeOfBirth>County Down</placeOfBirth>
<batStyle>RHB</batStyle>
<bowlStyle>ROB</bowlStyle>
<batSkill>2</batSkill>
<bowlSkill>2</bowlSkill>
<img>White.JPG</img>
</player>
<player>
<firstName>Gary</firstName>
<surname>Wilson</surname>
<dateOfBirth>05-02-1986</dateOfBirth>
<placeOfBirth>Dundonald</placeOfBirth>
<wktKeeper/>
<batStyle>RHB</batStyle>
<bowlStyle>ROB</bowlStyle>
<batSkill>2</batSkill>
<bowlSkill>0</bowlSkill>
<img>Wilson.JPG</img>
</player>
</team>
<team name="Kenya" flagFile="KEN.GIF" logo="">
<player>
<firstName>Jimmy</firstName>
<surname>Kamande</surname>
<dateOfBirth>12-12-1978</dateOfBirth>
<placeOfBirth>Muranga</placeOfBirth>
<batStyle>RHB</batStyle>
<bowlStyle>ROB</bowlStyle>
<batSkill>1</batSkill>
<bowlSkill>3</bowlSkill>
<img>Kamande.JPG</img>
</player>
<player>
<firstName>Alfred</firstName>
<surname>Luseno</surname>
<dateOfBirth>20-12-1981</dateOfBirth>
<placeOfBirth>Kakemaga</placeOfBirth>
<batStyle>RHB</batStyle>
<bowlStyle>RFM</bowlStyle>
<batSkill>1</batSkill>
<bowlSkill>3</bowlSkill>
<img>Luseno.JPG</img>
</player>
<player>
<firstName>Tanmay</firstName>
<surname>Mishra</surname>
<dateOfBirth>22-12-1986</dateOfBirth>
<placeOfBirth>Mumbai</placeOfBirth>
<batStyle>RHB</batStyle>
<bowlStyle>RM</bowlStyle>
<batSkill>3</batSkill>
<bowlSkill>0</bowlSkill>
<img>Mishra.JPG</img>
</player>
<player>
<firstName>Hitesh</firstName>
<surname>Modi</surname>
<dateOfBirth>13-10-1971</dateOfBirth>
<placeOfBirth>Kisumu</placeOfBirth>
<batStyle>LHB</batStyle>
<bowlStyle>ROB</bowlStyle>
<batSkill>3</batSkill>
<bowlSkill>1</bowlSkill>
<img>Modi.JPG</img>
</player>
<player>
<firstName>Alex</firstName>
<surname>Obanda</surname>
<dateOfBirth>25-12-1987</dateOfBirth>
<placeOfBirth>Nairobi</placeOfBirth>
<batStyle>RHB</batStyle>
<bowlStyle>RM</bowlStyle>
<batSkill>3</batSkill>
<bowlSkill>0</bowlSkill>
<img>Obanda.JPG</img>
</player>
<player>
<firstName>Collins</firstName>
<surname>Obuya</surname>
<dateOfBirth>27-07-1981</dateOfBirth>
<placeOfBirth>Nairobi</placeOfBirth>
<batStyle>RHB</batStyle>
<bowlStyle>RLB</bowlStyle>
<batSkill>3</batSkill>
<bowlSkill>2</bowlSkill>
<img>CObuya.JPG</img>
</player>
<player>
<firstName>David</firstName>
<surname>Obuya</surname>
<dateOfBirth>14-08-1979</dateOfBirth>
<placeOfBirth>Nairobi</placeOfBirth>
<wktKeeper/>
<batStyle>RHB</batStyle>
<bowlStyle>ROB</bowlStyle>
<batSkill>2</batSkill>
<bowlSkill>0</bowlSkill>
<img>DObuya.JPG</img>
</player>
<player>
<firstName>Nehemiah</firstName>
<surname>Odhiambo</surname>
<dateOfBirth>07-08-1983</dateOfBirth>
<placeOfBirth>Nairobi</placeOfBirth>
<batStyle>RHB</batStyle>
<bowlStyle>RFM</bowlStyle>
<batSkill>1</batSkill>
<bowlSkill>3</bowlSkill>
<img>Odhiambo.JPG</img>
</player>
<player>
<firstName>Thomas</firstName>
<surname>Odoyo</surname>
<dateOfBirth>12-05-1978</dateOfBirth>
<placeOfBirth>Nairobi</placeOfBirth>
<batStyle>RHB</batStyle>
<bowlStyle>RFM</bowlStyle>
<batSkill>3</batSkill>
<bowlSkill>4</bowlSkill>
<img>Odoyo.JPG</img>
</player>
<player>
<firstName>Peter</firstName>
<surname>Ongondo</surname>
<dateOfBirth>10-02-1977</dateOfBirth>
<placeOfBirth>Nairobi</placeOfBirth>
<batStyle>RHB</batStyle>
<bowlStyle>RFM</bowlStyle>
<batSkill>1</batSkill>
<bowlSkill>4</bowlSkill>
<img>Ongondo.JPG</img>
</player>
<player>
<firstName>Lameck</firstName>
<surname>Onyango</surname>
<dateOfBirth>22-09-1973</dateOfBirth>
<placeOfBirth>Nairobi</placeOfBirth>
<batStyle>RHB</batStyle>
<bowlStyle>RM</bowlStyle>
<batSkill>1</batSkill>
<bowlSkill>2</bowlSkill>
<img>Onyango.JPG</img>
</player>
<player>
<firstName>Elijah</firstName>
<surname>Otieno</surname>
<dateOfBirth>03-01-1988</dateOfBirth>
<placeOfBirth>Nairobi</placeOfBirth>
<batStyle>RHB</batStyle>
<bowlStyle>RFM</bowlStyle>
<batSkill>0</batSkill>
<bowlSkill>2</bowlSkill>
<img>EOtieno.JPG</img>
</player>
<player>
<firstName>Maurice</firstName>
<surname>Ouma</surname>
<dateOfBirth>08-11-1982</dateOfBirth>
<placeOfBirth>Kiambli</placeOfBirth>
<wktKeeper/>
<batStyle>RHB</batStyle>
<bowlStyle>ROB</bowlStyle>
<batSkill>2</batSkill>
<bowlSkill>0</bowlSkill>
<img>Ouma.JPG</img>
</player>
<player>
<firstName>Tony</firstName>
<surname>Suji</surname>
<dateOfBirth>05-02-1975</dateOfBirth>
<placeOfBirth>Nairobi</placeOfBirth>
<batStyle>RHB</batStyle>
<bowlStyle>RM</bowlStyle>
<batSkill>1</batSkill>
<bowlSkill>2</bowlSkill>
<img>Suji.JPG</img>
</player>
<player>
<firstName>Hiren</firstName>
<surname>Varaiya</surname>
<dateOfBirth>09-04-1984</dateOfBirth>
<placeOfBirth>Kenya</placeOfBirth>
<batStyle>RHB</batStyle>
<bowlStyle>SLA</bowlStyle>
<batSkill>1</batSkill>
<bowlSkill>3</bowlSkill>
<img>Varaiya.JPG</img>
</player>
<player>
<firstName>Steve</firstName>
<surname>Tikolo</surname>
<dateOfBirth>25-06-1971</dateOfBirth>
<placeOfBirth>Nairobi</placeOfBirth>
<captain/>
<batStyle>RHB</batStyle>
<bowlStyle>ROB</bowlStyle>
<batSkill>4</batSkill>
<bowlSkill>3</bowlSkill>
<img>Tikolo.JPG</img>
</player>
</team>
<team name="Netherlands" flagFile="NED.GIF" logo="">
<player>
<firstName>Peter</firstName>
<surname>Borren</surname>
<dateOfBirth>21-08-1983</dateOfBirth>
<placeOfBirth>Christchurch</placeOfBirth>
<batStyle>RHB</batStyle>
<bowlStyle>RM</bowlStyle>
<batSkill>3</batSkill>
<bowlSkill>3</bowlSkill>
<img>Borren.JPG</img>
</player>
<player>
<firstName>Atse</firstName>
<surname>Buurman</surname>
<dateOfBirth>21-03-1982</dateOfBirth>
<placeOfBirth>Voorburg</placeOfBirth>
<wktKeeper/>
<batStyle>RHB</batStyle>
<bowlStyle>ROB</bowlStyle>
<batSkill>3</batSkill>
<bowlSkill>0</bowlSkill>
<img>Buurman.JPG</img>
</player>
<player>
<firstName>Mudassar</firstName>
<surname>Bukhari</surname>
<dateOfBirth>26-12-1983</dateOfBirth>
<placeOfBirth>Gujrat</placeOfBirth>
<batStyle>RHB</batStyle>
<bowlStyle>RFM</bowlStyle>
<batSkill>3</batSkill>
<bowlSkill>3</bowlSkill>
<img>Bukhari.JPG</img>
</player>
<player>
<firstName>Tom</firstName>
<surname>De Grooth</surname>
<dateOfBirth>14-05-1979</dateOfBirth>
<placeOfBirth>The Hague</placeOfBirth>
<batStyle>RHB</batStyle>
<bowlStyle>ROB</bowlStyle>
<batSkill>3</batSkill>
<bowlSkill>0</bowlSkill>
<img>De Groot.JPG</img>
</player>
<player>
<firstName>Mark</firstName>
<surname>Jonkman</surname>
<dateOfBirth>20-03-1986</dateOfBirth>
<placeOfBirth>The Hague</placeOfBirth>
<batStyle>RHB</batStyle>
<bowlStyle>RFM</bowlStyle>
<batSkill>1</batSkill>
<bowlSkill>3</bowlSkill>
<img>Jonkman.JPG</img>
</player>
<player>
<firstName>Alexei</firstName>
<surname>Kervezee</surname>
<dateOfBirth>11-09-1989</dateOfBirth>
<placeOfBirth>Walvis Bay</placeOfBirth>
<batStyle>RHB</batStyle>
<bowlStyle>RM</bowlStyle>
<batSkill>4</batSkill>
<bowlSkill>1</bowlSkill>
<img>Kervezee.JPG</img>
</player>
<player>
<firstName>Geert-Maarten</firstName>
<surname>Mol</surname>
<dateOfBirth>12-10-1983</dateOfBirth>
<placeOfBirth>The Hague</placeOfBirth>
<batStyle>RHB</batStyle>
<bowlStyle>RM</bowlStyle>
<batSkill>2</batSkill>
<bowlSkill>1</bowlSkill>
<img>Mol.JPG</img>
</player>
<player>
<firstName>Adeel</firstName>
<surname>Raja</surname>
<dateOfBirth>15-08-1980</dateOfBirth>
<placeOfBirth>Lahore</placeOfBirth>
<batStyle>RHB</batStyle>
<bowlStyle>ROB</bowlStyle>
<batSkill>0</batSkill>
<bowlSkill>3</bowlSkill>
<img>Raja.JPG</img>
</player>
<player>
<firstName>Edgar</firstName>
<surname>Schiferli</surname>
<dateOfBirth>17-05-1976</dateOfBirth>
<placeOfBirth>Den Haag</placeOfBirth>
<batStyle>RHB</batStyle>
<bowlStyle>RFM</bowlStyle>
<batSkill>1</batSkill>
<bowlSkill>3</bowlSkill>
<img>Schiferli.JPG</img>
</player>
<player>
<firstName>Pieter</firstName>
<surname>Seelar</surname>
<dateOfBirth>02-07-1987</dateOfBirth>
<placeOfBirth>Schiedam</placeOfBirth>
<batStyle>RHB</batStyle>
<bowlStyle>SLA</bowlStyle>
<batSkill>0</batSkill>
<bowlSkill>2</bowlSkill>
<img>Seelar.JPG</img>
</player>
<player>
<firstName>Jeroen</firstName>
<surname>Smits</surname>
<dateOfBirth>21-06-1972</dateOfBirth>
<placeOfBirth>Den Haag</placeOfBirth>
<captain/>
<wktKeeper/>
<batStyle>RHB</batStyle>
<bowlStyle>ROB</bowlStyle>
<batSkill>2</batSkill>
<bowlSkill>0</bowlSkill>
<img>Seelar.JPG</img>
</player>
<player>
<firstName>Eric</firstName>
<surname>Szwarczynski</surname>
<dateOfBirth>13-02-1983</dateOfBirth>
<placeOfBirth>Vanderbijlpark</placeOfBirth>
<batStyle>RHB</batStyle>
<bowlStyle>ROB</bowlStyle>
<batSkill>3</batSkill>
<bowlSkill>0</bowlSkill>
<img>Szwarczynski.JPG</img>
</player>
<player>
<firstName>Ryan</firstName>
<surname>Ten Doeschate</surname>
<dateOfBirth>30-06-1980</dateOfBirth>
<placeOfBirth>Port Elizabeth</placeOfBirth>
<batStyle>RHB</batStyle>
<bowlStyle>RFM</bowlStyle>
<batSkill>4</batSkill>
<bowlSkill>4</bowlSkill>
<img>Ten Doeschate.JPG</img>
</player>
<player>
<firstName>Daan</firstName>
<surname>Van Bunge</surname>
<dateOfBirth>19-10-1982</dateOfBirth>
<placeOfBirth>Voorburg</placeOfBirth>
<batStyle>RHB</batStyle>
<bowlStyle>RLB</bowlStyle>
<batSkill>3</batSkill>
<bowlSkill>2</bowlSkill>
<img>Van Bunge.JPG</img>
</player>
<player>
<firstName>Bas</firstName>
<surname>Zuiderent</surname>
<dateOfBirth>03-03-1977</dateOfBirth>
<placeOfBirth>Utrecht</placeOfBirth>
<batStyle>RHB</batStyle>
<bowlStyle>RM</bowlStyle>
<batSkill>4</batSkill>
<bowlSkill>0</bowlSkill>
<img>Zuiderent.JPG</img>
</player>
</team>
<team name="Scotland" flagFile="SCO.GIF" logo="">
<player>
<firstName>John</firstName>
<surname>Blain</surname>
<dateOfBirth>04-01-1979</dateOfBirth>
<placeOfBirth>Edinburgh</placeOfBirth>
<batStyle>RHB</batStyle>
<bowlStyle>RFM</bowlStyle>
<batSkill>1</batSkill>
<bowlSkill>3</bowlSkill>
<img>Blain.JPG</img>
</player>
<player>
<firstName>Kyle</firstName>
<surname>Coetzer</surname>
<dateOfBirth>14-04-1984</dateOfBirth>
<placeOfBirth>Aberdeen</placeOfBirth>
<batStyle>RHB</batStyle>
<bowlStyle>RM</bowlStyle>
<batSkill>4</batSkill>
<bowlSkill>1</bowlSkill>
<img>Coetzer.JPG</img>
</player>
<player>
<firstName>Gordon</firstName>
<surname>Drummond</surname>
<dateOfBirth>21-04-1980</dateOfBirth>
<placeOfBirth>Meigle</placeOfBirth>
<batStyle>RHB</batStyle>
<bowlStyle>RFM</bowlStyle>
<batSkill>1</batSkill>
<bowlSkill>2</bowlSkill>
<img>Drummond.JPG</img>
</player>
<player>
<firstName>Gordon</firstName>
<surname>Goudie</surname>
<dateOfBirth>12-08-1987</dateOfBirth>
<placeOfBirth>Scotland</placeOfBirth>
<batStyle>RHB</batStyle>
<bowlStyle>RFM</bowlStyle>
<batSkill>1</batSkill>
<bowlSkill>2</bowlSkill>
<img>Goudie.JPG</img>
</player>
<player>
<firstName>Gavin</firstName>
<surname>Hamilton</surname>
<dateOfBirth>16-09-1974</dateOfBirth>
<placeOfBirth>Broxburn</placeOfBirth>
<batStyle>LHB</batStyle>
<bowlStyle>RM</bowlStyle>
<batSkill>3</batSkill>
<bowlSkill>2</bowlSkill>
<img>Hamilton.JPG</img>
</player>
<player>
<firstName>Majid</firstName>
<surname>Haq</surname>
<dateOfBirth>11-02-1983</dateOfBirth>
<placeOfBirth>Paisley</placeOfBirth>
<batStyle>LHB</batStyle>
<bowlStyle>ROB</bowlStyle>
<batSkill>2</batSkill>
<bowlSkill>3</bowlSkill>
<img>Haq.JPG</img>
</player>
<player>
<firstName>Ross</firstName>
<surname>Lyons</surname>
<dateOfBirth>08-12-1984</dateOfBirth>
<placeOfBirth>Greenock</placeOfBirth>
<batStyle>LHB</batStyle>
<bowlStyle>SLA</bowlStyle>
<batSkill>1</batSkill>
<bowlSkill>2</bowlSkill>
<img>Lyons.JPG</img>
</player>
<player>
<firstName>Neil</firstName>
<surname>McCallum</surname>
<dateOfBirth>22-11-1977</dateOfBirth>
<placeOfBirth>Edinburgh</placeOfBirth>
<batStyle>RHB</batStyle>
<bowlStyle>ROB</bowlStyle>
<batSkill>3</batSkill>
<bowlSkill>0</bowlSkill>
<img>McCallum.JPG</img>
</player>
<player>
<firstName>Dewald</firstName>
<surname>Nel</surname>
<dateOfBirth>06-06-1980</dateOfBirth>
<placeOfBirth>Transvaal</placeOfBirth>
<batStyle>RHB</batStyle>
<bowlStyle>RFM</bowlStyle>
<batSkill>1</batSkill>
<bowlSkill>3</bowlSkill>
<img>Nel.JPG</img>
</player>
<player>
<firstName>Navdeep</firstName>
<surname>Poonia</surname>
<dateOfBirth>11-05-1986</dateOfBirth>
<placeOfBirth>Glasgow</placeOfBirth>
<batStyle>RHB</batStyle>
<bowlStyle>RM</bowlStyle>
<batSkill>3</batSkill>
<bowlSkill>0</bowlSkill>
<img>Poonia.JPG</img>
</player>
<player>
<firstName>Glenn</firstName>
<surname>Rogers</surname>
<dateOfBirth>12-04-1977</dateOfBirth>
<placeOfBirth>Sydney</placeOfBirth>
<batStyle>RHB</batStyle>
<bowlStyle>SLA</bowlStyle>
<batSkill>1</batSkill>
<bowlSkill>2</bowlSkill>
<img>Rogers.JPG</img>
</player>
<player>
<firstName>Qasim</firstName>
<surname>Sheikh</surname>
<dateOfBirth>3-10-1984</dateOfBirth>
<placeOfBirth>Glasgow</placeOfBirth>
<batStyle>LHB</batStyle>
<bowlStyle>LM</bowlStyle>
<batSkill>2</batSkill>
<bowlSkill>0</bowlSkill>
<img>Sheikh.JPG</img>
</player>
<player>
<firstName>Colin</firstName>
<surname>Smith</surname>
<dateOfBirth>27-09-1972</dateOfBirth>
<placeOfBirth>Aberdeen</placeOfBirth>
<wktKeeper/>
<batStyle>RHB</batStyle>
<bowlStyle>ROB</bowlStyle>
<batSkill>2</batSkill>
<bowlSkill>0</bowlSkill>
<img>CSmith.JPG</img>
</player>
<player>
<firstName>Simon</firstName>
<surname>Smith</surname>
<dateOfBirth>08-12-1979</dateOfBirth>
<placeOfBirth>Ashington</placeOfBirth>
<wktKeeper/>
<batStyle>RHB</batStyle>
<bowlStyle>ROB</bowlStyle>
<batSkill>2</batSkill>
<bowlSkill>0</bowlSkill>
<img>SSmith.JPG</img>
</player>
<player>
<firstName>Ryan</firstName>
<surname>Watson</surname>
<dateOfBirth>12-11-1976</dateOfBirth>
<placeOfBirth>Harare</placeOfBirth>
<captain/>
<batStyle>RHB</batStyle>
<bowlStyle>RM</bowlStyle>
<batSkill>4</batSkill>
<bowlSkill>2</bowlSkill>
<img>Watson.JPG</img>
</player>
<player>
<firstName>Fraser</firstName>
<surname>Watts</surname>
<dateOfBirth>05-06-1979</dateOfBirth>
<placeOfBirth>Kings Lynn</placeOfBirth>
<batStyle>RHB</batStyle>
<bowlStyle>RM</bowlStyle>
<batSkill>3</batSkill>
<bowlSkill>0</bowlSkill>
<img>Watts.JPG</img>
</player>
<player>
<firstName>Sean</firstName>
<surname>Weeraratna</surname>
<dateOfBirth>21-11-1985</dateOfBirth>
<placeOfBirth>Lesotho</placeOfBirth>
<batStyle>RHB</batStyle>
<bowlStyle>RFM</bowlStyle>
<batSkill>0</batSkill>
<bowlSkill>2</bowlSkill>
<img>Weeraratna.JPG</img>
</player>
<player>
<firstName>Craig</firstName>
<surname>Wright</surname>
<dateOfBirth>28-04-1974</dateOfBirth>
<placeOfBirth>Paisley</placeOfBirth>
<captain/>
<batStyle>RHB</batStyle>
<bowlStyle>RM</bowlStyle>
<batSkill>2</batSkill>
<bowlSkill>3</bowlSkill>
<img>Wright.JPG</img>
</player>
</team>
</teams>